{"cameraMode":{"drawMode":0,"name":"Shaded","section":"Shading Mode"},"sceneLighting":true,"audioPlay":false,"sceneViewState":{"m_AlwaysRefresh":false,"showFog":true,"showSkybox":true,"showFlares":true,"showImageEffects":true,"showParticleSystems":true,"showVisualEffectGraphs":true,"m_FxEnabled":true},"in2DMode":false,"pivot":{"x":1.8479379415512086,"y":4.375479698181152,"z":-1.067221999168396},"rotation":{"x":-0.04428096488118172,"y":0.14743715524673463,"z":-0.006821610499173403,"w":-0.9881941080093384},"size":4.924980640411377,"orthographic":true}